id,cannon_teff,cannon_logg,cannon_m_h,cannon_alpha_m,cannon_teff_err,cannon_logg_err,cannon_m_h_err,cannon_alpha_m_err,cannon_red_chisq,ra,dec,snrg,codeindex,GAL_LONG,GAL_LAT,_r,recno,RAJ2000,DEJ2000,e_RAJ2000,e_DEJ2000,Field,nobs,mobs,B-V,e_B-V,Vmag,e_Vmag,u_e_Vmag,Bmag,e_Bmag,u_e_Bmag,g'mag,e_g'mag,u_e_g'mag,r'mag,e_r'mag,u_e_r'mag,i'mag,e_i'mag,u_e_i'mag,Separation
spec-55863-B6302_sp15-042.fits,4004.7626477,1.1231177835,-0.577926004116,0.233997175247,20.8117740629,0.0545351545258,0.0357013881078,0.013958583204,2.7338900009956837,357.426356,30.115,20.010000228881836,1674,107.37308208000235,-30.884812265476878,1.45E-4,18159784,357.426515,30.114954,0.741,1.53,20121540,2,8,1.272,0.014,15.562,0.011,0,16.834,0.008,0,16.225,0.071,0,14.956,0.073,0,,,,1.4502676973093402E-4
spec-55932-GAC_104N11_V1_sp16-164.fits,4896.5889061,2.61416213214,-0.708682832753,0.0173427702971,121.627747688,0.287880973635,0.150048160665,0.0414802080863,0.17767116483181297,103.39265,13.277721,7.329999923706055,24740,201.30366086145585,6.475986155822224,6.2E-5,24344868,103.392587,13.277732,0.341,0.276,20150575,5,25,0.981,0.055,14.254,0.032,0,15.235,0.045,0,14.692,0.019,0,13.952,0.02,0,13.648,0.024,0,6.229477833666527E-5
spec-55938-B5593805_sp07-161.fits,4273.68303491,1.13182310386,-1.34973129397,0.169453459999,138.617069826,0.344880908071,0.24435057554,0.0948117188426,0.08905807201764371,170.79063,26.215551,3.190000057220459,25067,210.54625265598682,70.283541774512,1.14E-4,27696308,170.790613,26.215664,0.483,0.772,20121363,3,11,1.528,0.061,14.789,0.0,0,16.316,0.061,0,15.588,0.105,0,14.295,0.021,0,13.769,0.017,0,1.1402457449450292E-4
spec-55940-B5594006_sp07-117.fits,4658.71345521,2.90239470785,-0.500545240592,0.0156700381543,135.854273518,0.265415782592,0.163927709391,0.0528759368719,0.08105810473228346,169.215461,25.510708,6.579999923706055,31470,211.93190900997692,68.77647716200381,1.93E-4,27700860,169.21525,25.510738,0.364,0.832,20121241,2,10,0.919,0.075,15.412,0.063,0,16.332,0.041,0,15.752,0.028,0,15.118,0.014,0,14.775,0.091,0,1.9277709996666913E-4
spec-55940-GAC_071N52_V3_sp12-022.fits,4451.88534951,1.81386396795,-0.191736795946,0.0675458150564,41.2106180404,0.111310871132,0.0582890600368,0.0187805326081,0.374105950479452,73.603608,53.774603,6.829999923706055,33817,154.1822443509626,6.361661220981273,4.2E-5,1859034,73.603538,53.77461,0.553,0.359,20152267,4,19,2.09,0.124,13.945,0.038,0,16.035,0.118,0,14.98,0.015,0,13.084,0.034,0,12.111,0.062,0,4.195550123216514E-5
spec-55940-GAC_103N06_V3_sp12-085.fits,5070.56272,3.2990089448,-0.613768280361,0.100177644732,125.50920026,0.19020179995,0.138186040658,0.0575901520905,0.17716822280841388,104.74085,8.2874616,12.800000190734863,35949,206.38710405953955,5.430528220987753,,,,,,,,,,,,,,,,,,,,,,,,,,,
spec-55954-GAC_089N11_V1_sp12-045.fits,4858.84461052,2.56506645168,-0.302411223826,0.0980735053358,22.8404113709,0.0563236892657,0.0280951609695,0.0127197055419,0.23938740064299913,90.428357,13.389279,45.40999984741211,40578,195.31992348132255,-4.63376286444919,2.0E-5,24153295,90.428349,13.389297,0.579,0.216,20120703,9,35,1.172,0.04,12.997,0.036,0,14.169,0.018,0,13.54,0.027,0,12.602,0.073,0,12.123,0.061,0,1.9610408942289086E-5
spec-55960-GAC_071N47_V2_sp12-102.fits,4717.23029736,2.54611906104,-0.337242350326,0.108714137617,125.286010627,0.277942360937,0.156416929164,0.0498481361097,0.1135933524597801,73.937244,49.006493,6.590000152587891,45688,158.04969606263947,3.5446602140734957,,,,,,,,,,,,,,,,,,,,,,,,,,,
spec-55961-GAC_064N42_V1_sp14-214.fits,4075.37033589,1.54420509257,-0.317480951268,0.0785307761742,37.8130905542,0.0935201026843,0.0572620813088,0.0198124950107,0.2777071560461586,61.9151,42.62347,9.399999618530273,47465,156.97869729282743,-6.913569196105309,,,,,,,,,,,,,,,,,,,,,,,,,,,
spec-55961-GAC_064N42_V2_sp06-137.fits,4537.05151609,2.06840339639,-0.0854859067261,0.0324135799834,67.0074056889,0.185690178473,0.0949489647301,0.0366483567939,0.12587154213044716,67.839538,41.79923,8.890000343322754,47731,160.68980514927824,-4.4056864717018955,6.8E-5,1152164,67.839628,41.799238,0.297,0.556,20151889,3,15,1.637,0.043,13.804,0.015,0,15.441,0.04,0,14.588,0.031,0,13.239,0.029,0,12.614,0.037,0,6.756890403305416E-5
spec-55961-GAC_064N42_V3_sp04-070.fits,4263.05401213,1.76707202181,-0.553329786615,0.0907947150217,41.2025917546,0.105577690008,0.0628304732691,0.0238560723676,0.2818901398382222,64.750895,42.373316,12.109999656677246,48098,158.6737279673929,-5.650607479797066,4.2E-5,1402952,64.750838,42.373318,0.581,0.607,20121888,3,15,1.985,0.043,13.939,0.039,0,15.923,0.019,0,14.889,0.072,0,13.188,0.031,0,12.334,0.019,0,4.215731743883613E-5
spec-55961-GAC_064N42_V3_sp05-199.fits,4767.55758375,2.23510265861,-0.260086639868,0.118850340832,23.867413193,0.0652926039452,0.0320600710504,0.0178675193501,0.9099168760310735,63.039359,41.300285,35.36000061035156,48164,158.50486729265188,-7.308650019244828,,,,,,,,,,,,,,,,,,,,,,,,,,,
spec-55961-GAC_100N13_V2_sp10-243.fits,4925.79689427,2.92700226476,-0.573176841566,-0.0300294053301,112.066934616,0.222277982556,0.132520298081,0.0305526594235,0.18905206914972164,99.203443,13.123164,8.729999542236328,49258,199.59638753662037,2.7661406539565276,5.0E-6,24395739,99.203444,13.123159,0.233,0.189,20150574,4,20,1.154,0.035,14.147,0.03,0,15.301,0.019,0,14.685,0.009,0,13.722,0.08,0,13.326,0.03,0,5.0939621671556435E-6
spec-55966-GAC_104N11_V4_sp13-076.fits,4754.05568867,2.64243301196,-0.562990870712,-0.0203422441963,52.9789566265,0.116375337956,0.0684391937076,0.0182775836451,0.24334242045850796,106.3502,12.064179,19.18000030517578,50670,203.68788761257466,8.528174589470993,,,,,,,,,,,,,,,,,,,,,,,,,,,
spec-55967-GAC_100N13_V4_sp14-113.fits,4612.95646652,2.32529589108,-0.398814235058,0.0108363111016,80.019263178,0.21048205688,0.107136098609,0.033549725836,0.1887364045,98.755236,13.795746,7.340000152587891,52476,198.79795101538485,2.6866941469724357,1.3E-4,24401905,98.755345,13.795671,0.745,0.672,20150705,14,58,1.519,0.092,14.638,0.055,0,16.158,0.074,0,15.344,0.036,0,14.043,0.044,0,13.421,0.051,0,1.2973204919619643E-4
spec-55976-GAC_084N40_V1_sp07-035.fits,4979.38351612,2.26410914402,-0.664408624307,0.234509912334,49.7742266836,0.112275933679,0.0638966310706,0.0183178394952,0.2739754011999417,84.928498,38.624401,18.59000015258789,56474,171.1052202608714,4.046479634043891,2.53E-4,920274,84.92843,38.624154,0.55,0.769,20151788,6,30,1.424,0.113,14.742,0.066,0,16.166,0.092,0,15.435,0.083,0,14.241,0.095,0,13.697,0.095,0,2.5264858863900604E-4
spec-55976-GAC_084N40_V1_sp16-231.fits,4785.47472981,2.59169953064,-0.25549062932,0.00999595691439,73.4977700088,0.177592879638,0.0910040536342,0.0270924564818,0.2589347529355602,82.846931,42.331127,8.890000343322754,57119,167.11620689791295,4.697946174148442,7.9E-5,1000564,82.84692,42.331206,0.582,0.736,20121995,13,55,1.627,0.231,14.708,0.07,0,16.335,0.22,0,15.35,0.104,0,14.089,0.081,0,13.435,0.054,0,7.941742896211919E-5
spec-55977-GAC_080N37_V1_sp07-212.fits,4914.10519021,2.7299108444,-0.0852712379492,0.0271789432315,47.740269377,0.118051374169,0.0561011621174,0.018429721345,0.27578239874580335,81.681912,35.691755,9.829999923706055,59249,172.16105255982524,0.2811343453480004,1.3E-4,819234,81.681776,35.691686,0.574,0.521,20151678,4,20,1.855,0.093,14.555,0.049,0,16.41,0.079,0,15.463,0.049,0,13.857,0.059,0,12.966,0.077,0,1.3023543574675801E-4
spec-55984-GAC_099N04_V3_sp13-207.fits,4772.46311998,2.65629737329,-0.492032696287,-0.0102012236856,74.3529214342,0.169152321603,0.0930719739487,0.0248716435301,0.28229752163254673,101.57842,5.096072,9.550000190734863,62447,207.8127731735309,1.1852236070801392,7.8E-5,22294104,101.578415,5.09615,0.525,0.519,20150174,16,71,1.454,0.074,14.154,0.032,0,15.607,0.066,0,14.855,0.063,0,13.663,0.034,0,13.107,0.06,0,7.81588302435129E-5
spec-55993-GAC_097N20_V1_sp07-145.fits,5075.95658149,2.93794410152,-0.117932498198,0.0323662233739,160.832708892,0.374853100024,0.185419625729,0.0672780437802,0.09599226742167322,99.332618,18.934057,5.139999866485596,63390,194.4633672969068,5.518716840594557,3.38E-4,24712546,99.332328,18.93386,0.7,0.761,20150836,3,19,1.262,0.029,14.6,0.022,0,15.862,0.019,0,15.171,0.017,0,14.094,0.049,0,13.705,0.009,0,3.377194761422045E-4
spec-55999-GAC_112N06_V3_sp15-102.fits,4835.6561557,3.17905080381,-0.443027445215,0.328823178319,81.3001268377,0.161383708569,0.0851956777878,0.0260112858474,0.3427315381834267,112.30219,7.5769444,9.319999694824219,70164,210.4025566118123,11.821460533590285,1.7E-5,22489335,112.302181,7.57693,0.162,0.228,20150312,6,30,0.987,0.065,13.678,0.028,0,14.666,0.059,0,14.154,0.044,0,13.386,0.023,0,13.089,0.01,0,1.693964886276513E-5
spec-56094-kepler05B56094_2_sp07-190.fits,4982.82757707,2.61889588417,-0.475168771648,0.327356598836,33.2705732626,0.0781437662691,0.0376524191468,0.0124898791185,0.5458798452982555,293.074625,37.751583,28.510000228881836,78710,70.97191755149444,8.880574285270791,,,,,,,,,,,,,,,,,,,,,,,,,,,
spec-56096-kepler08B56096_2_sp02-186.fits,4819.40901746,2.99805099036,0.370749372914,0.124827387741,75.2603582912,0.183896358696,0.0812442232766,0.0419388987438,0.20729576687581092,292.405167,39.036389,6.760000228881836,81188,71.88559832274144,9.935806687963023,,,,,,,,,,,,,,,,,,,,,,,,,,,
spec-56199-EG010159N023133V_1_sp11-118.fits,4646.98705032,2.71715885401,0.100529473051,0.050042622889,9.13961410664,0.02232969525,0.0116006302472,0.00618612350775,1.1669511747407189,15.774823,4.579436,90.37000274658203,82139,128.44777019926505,-58.16736615635201,2.1E-5,16857818,15.774844,4.579435,0.097,0.094,20120277,4,20,1.146,0.09,10.892,0.082,0,12.037,0.039,0,11.469,0.05,0,10.552,0.114,0,10.185,0.058,0,2.095683174319574E-5
spec-56214-EG000024N121601M01_sp02-198.fits,4794.35240817,3.06702119706,-0.158935143049,0.304332521011,68.5775332227,0.146662986716,0.0743930889103,0.0268612593851,0.21158649750085035,358.727561,11.065827,12.670000076293945,89016,101.31842590453503,-49.419004088522904,2.65E-4,17748811,358.727589,11.066091,0.527,1.171,20150669,3,16,0.971,0.168,16.135,0.094,0,17.106,0.139,0,16.72,0.023,0,15.866,0.022,0,15.979,0.0,0,2.654262929989479E-4
spec-56214-EG000024N121601M01_sp13-016.fits,4892.08671271,2.81654406359,-0.119837083785,0.330018963393,78.1343971568,0.18176334871,0.0852482911537,0.0302839799443,0.18595188317307154,2.28706,12.80609,10.850000381469727,89079,107.18142621733591,-48.76807096330265,,,,,,,,,,,,,,,,,,,,,,,,,,,
spec-56228-EG220318S020919V01_sp11-009.fits,4925.59840928,3.29730297918,0.0627517497659,0.225325899696,22.3666326433,0.0448259813327,0.024669360645,0.011869204924,0.3226623352461752,330.31529,-0.242304,47.0,98025,59.096015541204224,-41.119115184671855,2.3E-5,17327261,330.315309,-0.242317,0.637,0.461,20160259,5,13,1.041,0.256,12.503,0.254,0,13.545,0.032,0,13.023,0.006,0,12.078,0.177,0,11.867,0.099,0,2.302158867865714E-5
spec-56245-GAC102N32B1_sp16-060.fits,4809.53343982,3.26205705979,0.362322396103,0.187857384021,67.2278640558,0.14133040256,0.0703081123356,0.0310315744487,0.3103944174934574,101.12592,34.268424,9.100000381469727,103465,181.11362605264796,13.562222223325328,1.54E-4,6424869,101.125749,34.268363,0.892,0.936,20151572,5,21,1.228,0.205,15.763,0.064,0,16.992,0.194,0,16.42,0.075,0,15.418,0.073,0,15.066,0.049,0,1.5391944681675463E-4
spec-56255-VB007N33V1_sp11-190.fits,5116.22029774,3.55622136398,0.238804761601,0.172772489434,54.8549128492,0.10852523558,0.05530272349,0.028500322385,0.17789842650624133,7.281718,35.78363,15.65999984741211,106497,117.86088164765776,-26.868337611841504,2.2E-5,2551760,7.281723,35.783608,0.282,0.326,20121656,21,97,0.851,0.15,14.111,0.075,0,14.962,0.13,0,14.517,0.109,0,13.832,0.061,0,13.718,0.43,0,2.2370793339927458E-5
spec-56258-VB054N40V1_sp04-036.fits,4674.06190088,2.32753873211,0.316127018294,0.216464795141,17.5100408091,0.0457248809277,0.0212684654916,0.0102872495038,0.8572795050583982,54.309395,40.504204,34.38999938964844,115758,153.9246884079605,-12.18413894520488,4.0E-5,1472173,54.309427,40.504172,0.314,0.153,20151780,6,30,1.385,0.097,12.831,0.055,0,14.217,0.08,0,13.517,0.068,0,12.377,0.092,0,11.965,0.05,0,4.019975768836571E-5
spec-56266-GAC117N24V2_sp11-175.fits,4846.21227831,2.6883655009,-0.234795941859,0.0538312797909,59.6132609075,0.143300936676,0.0734637794857,0.0318446595651,0.1550718602181969,117.0301,26.253952,16.18000030517578,123702,194.27654406884665,23.397452871790964,,,,,,,,,,,,,,,,,,,,,,,,,,,
spec-56287-VB053N42V2_sp03-052.fits,4649.7242595,2.63242098745,-0.109148515126,-0.00872174663731,33.7549425555,0.0803953600799,0.0440961032453,0.016090018775,0.3387579255152354,51.097758,42.908225,23.09000015258789,138773,150.50204256048917,-11.628166058635498,,,,,,,,,,,,,,,,,,,,,,,,,,,
spec-56292-GAC089N16V1_sp10-232.fits,4587.4811933,2.49362897334,0.210005813447,0.0726521089696,25.9747437225,0.0608555376586,0.0326801859749,0.0118160958675,0.2825798848381924,87.681018,16.339246,24.459999084472656,139481,191.42512705603613,-5.470428417436465,,,,,,,,,,,,,,,,,,,,,,,,,,,
spec-56292-GAC089N16V1_sp16-065.fits,5388.47451321,3.79905509969,-0.165116679226,0.049578612329,43.1630986709,0.0642919975713,0.0496009864748,0.0184467003757,0.43491987408328675,88.114293,18.274464,28.270000457763672,139571,189.9591890497204,-4.135381053629226,5.7E-5,25084302,88.114328,18.274418,0.581,0.727,20150832,6,30,1.401,0.201,14.987,0.145,0,16.388,0.139,0,15.597,0.04,0,14.367,0.043,0,13.753,0.069,0,5.6749901495247845E-5
spec-56292-GAC089N16V3_sp08-207.fits,4487.42418464,2.15379135859,-0.682752105419,0.0120289865577,34.3880075985,0.0831501063453,0.0492920572449,0.0148061485947,4.346733911630732,89.896202,15.047817,23.65999984741211,140110,193.61688944594007,-4.267726583619436,5.4E-5,24243095,89.896254,15.047838,0.61,0.576,20120833,6,18,1.385,0.044,12.777,0.014,0,14.163,0.042,0,13.435,0.063,0,12.276,0.017,0,11.762,0.029,0,5.443102182255007E-5
spec-56296-GAC096N02V2_sp08-115.fits,4879.05942986,2.3380999274,-0.131457864656,0.0119343153734,869.064792759,0.0068267007749,0.00144167233769,1.55508091237E-4,0.5582739711297666,97.804756,1.9834436,14.100000381469727,146509,208.85510815091217,-3.5882244769079525,3.5E-5,22125515,97.804774,1.983413,0.595,0.514,20120173,5,19,1.845,0.105,14.51,0.06,0,16.355,0.086,0,15.405,0.056,0,13.886,0.033,0,13.148,0.066,0,3.549608268924102E-5
spec-56299-HD112355N103146M01_sp14-183.fits,4519.60926247,1.71734385795,-1.41412073573,0.318585799966,122.808475715,0.27175281133,0.180617763451,0.0492071850031,0.1700441283729149,168.960785,10.701084,9.40999984741211,151261,244.47801507514808,62.15350927164195,9.9E-5,27639390,168.960706,10.701023,0.823,1.15,20150467,3,10,1.419,0.084,15.696,0.0,1,17.116,0.084,1,16.661,0.58,0,15.534,0.099,0,15.005,0.121,0,9.872597328835947E-5
spec-56301-HD110643N151055F01_sp12-241.fits,4524.11566596,1.91705063767,-1.29697326365,0.130776637283,83.5781683315,0.210888896164,0.128808549483,0.0487729934406,0.29746737294586895,167.594376,17.214194,12.8100004196167,152568,230.68248974872446,64.65502400832682,4.9E-5,27655463,167.594417,17.214165,0.698,0.816,20150861,4,16,0.839,0.123,15.762,0.04,0,16.601,0.116,0,16.16,0.173,0,15.49,0.047,0,15.25,0.302,0,4.873164039593429E-5
spec-56302-HD100908N183150B01_sp14-214.fits,4373.65563131,2.30353916147,0.0110728691725,0.0135714502741,26.6520746622,0.0681258429477,0.0371574813828,0.0160470306813,0.3893862965433137,150.22634,18.926529,17.690000534057617,153982,215.4932784339948,50.10936829377786,4.9E-5,5261663,150.226289,18.926519,0.339,0.187,20150855,3,12,1.238,0.081,14.222,0.014,0,15.461,0.079,0,14.795,0.054,0,13.778,0.006,0,13.362,0.037,0,4.926822669446769E-5
spec-56309-GAC088N20V3_sp09-178.fits,4325.57223452,1.98795291508,-0.0987536042628,-0.0323719584466,31.3628623928,0.072170457018,0.0433828501969,0.010998493138,0.7504564178728607,89.786361,21.01049,6.199999809265137,158715,188.38092825702444,-1.4003421621322254,1.08E-4,25337326,89.786252,21.010525,0.65,0.55,20150962,15,61,1.98,0.113,14.837,0.057,0,16.816,0.098,0,15.84,0.072,0,13.988,0.052,0,13.022,0.176,0,1.0760433818053735E-4
spec-56309-GAC088N20V3_sp12-137.fits,4691.22230594,2.93990033065,0.369383118431,0.00219102769958,45.4719167822,0.0956997573448,0.0523092479245,0.0170186104319,0.30191567627247623,89.267933,21.833384,9.949999809265137,158819,187.42669457531883,-1.4072941382473152,6.3E-5,25356538,89.26789,21.833335,0.607,0.426,20150962,17,65,1.604,0.133,15.043,0.085,0,16.647,0.102,0,15.853,0.054,0,14.483,0.066,0,13.903,0.172,0,6.320011094066805E-5
spec-56310-HD105614N420029F01_sp14-160.fits,5050.19039084,2.74667624571,-1.28666234474,0.118218226592,198.545959057,0.420400806315,0.266469558197,0.0896578860261,0.1826938724486008,162.003801,42.7197254,6.21999979019165,164025,172.93029045716523,60.53506046465975,,,,,,,,,,,,,,,,,,,,,,,,,,,
spec-56316-GAC118N03V3_sp04-129.fits,4741.4008252,2.3866251419,-0.614040527094,0.0497247766722,48.5142458003,0.122254911943,0.0649171380039,0.0237267453898,0.28068607615919844,117.87327,2.6936,18.489999771118164,164962,217.44590133063855,14.579728653697256,1.1E-5,20942357,117.873259,2.6936,0.19,0.138,20140045,4,19,0.957,0.034,13.463,0.029,0,14.42,0.018,0,13.906,0.064,0,13.16,0.025,0,12.88,0.034,0,1.098784645431471E-5
spec-56321-GAC099N59V2_sp07-028.fits,5285.42619779,3.74356475022,-0.057575983935,0.065407399149,51.7488536784,0.0844996322063,0.0575190331811,0.0241275520009,0.35725289940277777,100.38529,58.066933,24.549999237060547,168709,157.54225929605414,21.509575191133873,4.7E-5,6980377,100.385205,58.06692,0.625,0.381,20122432,7,27,0.941,0.109,13.856,0.068,0,14.797,0.086,0,14.515,0.318,0,13.506,0.045,0,13.236,0.016,0,4.680067571751736E-5
spec-56331-GAC097N37V1_sp12-160.fits,4853.84062599,2.73050821624,-0.523145776352,0.0186954051476,188.750703228,0.416284283701,0.228763337573,0.0678873155685,0.16932573269112527,99.785748,38.291133,5.320000171661377,175922,176.87189772619354,14.187632857145209,1.17E-4,6491478,99.785616,38.291188,0.162,0.577,20121793,9,40,1.289,0.401,13.55,0.064,0,14.84,0.396,0,14.16,0.198,0,13.231,0.043,0,12.943,0.056,0,1.172970698749572E-4
spec-56345-HD102626N103010M01_sp03-109.fits,4526.01375676,1.8771470909,-1.08713663569,0.0741270906454,46.7105018161,0.126615159383,0.073245686614,0.0232163949202,0.2751878774080935,155.267768,10.938191,17.3799991607666,189880,230.17267271513228,51.1616068805203,6.0E-5,27460807,155.267709,10.938207,0.565,0.573,20120595,5,23,1.01,0.08,15.047,0.033,0,16.058,0.073,0,15.517,0.039,0,14.759,0.065,0,14.438,0.156,0,6.009714039772984E-5
spec-56346-VB091S03V2_sp06-232.fits,4928.14802395,3.2352601348,-0.563264392486,0.0938398075675,96.1878321936,0.140396784415,0.107821053833,0.0361107925982,0.18751668756163242,93.116859,-4.0511512,16.979999542236328,191292,212.1105314685851,-10.512126830286062,,,,,,,,,,,,,,,,,,,,,,,,,,,
spec-56346-VB091S03V2_sp06-237.fits,4709.31050393,2.77056247299,-0.420305187804,-0.00161205179263,45.34377651,0.0918275176684,0.0566367793849,0.0161639770346,0.23856546744166665,92.934072,-4.1458627,23.18000030517578,191294,212.11271785603526,-10.717567965957537,2.9E-5,19676751,92.934045,-4.145852,0.271,0.25,20130171,7,31,1.396,0.075,13.005,0.04,0,14.401,0.063,0,13.696,0.046,0,12.519,0.024,0,11.981,0.034,0,2.897722822265976E-5
spec-56350-GAC116N20V1_sp09-143.fits,4795.35185281,2.52826448029,-0.471791567742,0.0590217616275,22.2114367125,0.0535390644664,0.0287970124536,0.012197050015,0.3987704122752497,117.67968,20.782797,47.630001068115234,192666,200.0475263892842,22.001422456779327,2.9E-5,5482977,117.679686,20.782769,0.081,0.055,20121100,6,29,1.051,0.053,11.404,0.047,0,12.455,0.025,0,11.923,0.041,0,11.095,0.048,0,11.15,0.501,0,2.8556392372639878E-5
spec-56350-GAC116N20V2_sp09-047.fits,4447.4639853,2.25241390759,-0.521475505928,0.039362335316,67.9812089678,0.16640720176,0.0946531422125,0.0357914275903,0.1053318696273612,117.20239,21.115417,9.739999771118164,192949,199.5360354977565,21.711668607734023,8.0E-6,5483603,117.202387,21.115409,0.124,0.117,20121100,4,19,1.081,0.055,13.482,0.05,0,14.563,0.021,0,14.005,0.04,0,13.142,0.06,0,13.393,0.448,0,8.475375742618994E-6
spec-56367-HD092159N212954M01_sp05-169.fits,4570.58183475,2.2759372809,-0.71373669487,0.0553297875618,60.0419915276,0.151592001103,0.0830256904627,0.0294908304837,0.3063752828440891,140.350007,20.766541,12.90999984741211,209101,208.61077878334928,41.92496380303449,1.4E-5,5291424,140.349996,20.766551,0.439,0.336,20150980,2,10,0.881,0.192,15.236,0.186,0,16.117,0.046,0,15.679,0.067,0,14.841,0.079,0,14.537,0.141,0,1.434533581832555E-5
spec-56369-GAC115N15V1_sp03-005.fits,4701.26943718,1.99747257767,-0.705929686245,0.0426001139879,107.5558841,0.302375709706,0.154798931779,0.0515902288308,0.18115048298448275,115.44438,14.891821,6.78000020980835,210264,204.92301763416282,17.733402455096105,2.5E-5,22856795,115.444363,14.89184,0.191,0.18,20120843,5,31,0.961,0.065,11.782,0.035,0,12.743,0.054,0,12.226,0.062,0,11.497,0.039,0,11.202,0.107,0,2.5117973271109814E-5
spec-56369-GAC115N15V2_sp16-217.fits,4621.28400077,2.16987286202,-0.773039021538,0.00858056136513,99.3162453516,0.278448611729,0.141831757709,0.0398811128999,0.2565521626911896,114.17136,16.786294,6.409999847412109,211311,202.5850155674306,17.38682824392926,3.6E-5,22909489,114.171382,16.786265,0.428,0.223,20150842,2,8,0.859,0.0,14.187,0.0,1,15.046,0.0,1,14.567,0.065,0,13.843,0.024,0,13.534,0.02,0,3.584175018032437E-5
spec-56447-HD174640N254456B01_sp12-045.fits,5489.4374719,3.70643643029,-0.03450006891,0.135368753194,136.933798848,0.265915449967,0.150957166066,0.0835345792819,0.15336418896196424,268.0492034,27.5962783,7.130000114440918,241370,52.7624210757936,24.38371714450687,3.2E-5,35798268,268.049201,27.596246,0.442,0.292,20121395,3,15,0.828,0.096,14.355,0.058,0,15.183,0.076,0,14.765,0.114,0,14.118,0.07,0,13.933,0.141,0,3.2369954642707104E-5
spec-56550-KP194045N483045V02_sp11-186.fits,4352.32695262,1.94104130308,-0.174950595474,0.230619891064,22.8838207505,0.0613591742039,0.0332583055552,0.0159298084394,0.3474114408477412,295.119846,50.679911,22.84000015258789,243058,83.38386418382429,13.473848271494242,1.21E-4,14756170,295.11974,50.67981,0.708,0.376,20122319,2,7,1.265,0.0,14.987,0.0,1,16.252,0.0,1,15.506,0.025,0,14.406,0.043,0,13.877,0.0,1,1.2129481805209325E-4
spec-56550-VB052N35V1_sp03-047.fits,4908.35218297,3.33357134515,-0.265311610274,0.191363399532,10.9695564259,0.019313338374,0.0123740669263,0.00620392245462,0.702519908006135,51.209818,35.400509,143.33999633789062,243368,155.0064102477486,-17.744578247544712,6.3E-5,1356604,51.209849,35.400451,0.51,0.709,20151669,3,16,1.157,0.057,12.682,0.05,0,13.839,0.027,0,13.256,0.043,0,12.281,0.07,0,11.92,0.049,0,6.32654156792612E-5
spec-56551-EG214710N042410V01_sp01-148.fits,4649.20919794,2.22002066608,-0.681111582369,0.261151561355,11.3233406547,0.0279155237975,0.0161846398559,0.00758850633178,0.8087415016987448,326.838543,2.666313,104.56999969482422,243875,59.387481730107915,-36.59270635791835,5.9E-5,17454921,326.838582,2.666269,0.349,0.16,20140123,12,52,1.166,0.095,11.928,0.085,0,13.094,0.043,0,12.454,0.041,0,11.55,0.075,0,11.323,0.482,0,5.876826147996266E-5
spec-56551-EG214710N042410V01_sp02-098.fits,4488.37278127,2.40429787856,-0.36720815098,0.0541076563987,27.2924778789,0.0647746276697,0.0374505608441,0.0168453947736,0.4584991274086472,324.808584,2.926744,29.670000076293945,243896,58.15311292066458,-34.81108317441411,3.6E-5,17458421,324.808551,2.926759,0.21,0.3,20120258,5,22,1.149,0.131,13.476,0.116,0,14.625,0.061,0,13.971,0.015,0,13.076,0.128,0,12.72,0.113,0,3.6209956190474325E-5
spec-56559-EG011442N065942V01_sp08-073.fits,4820.96334085,2.6096435291,-0.289214594657,0.085621993981,4.39317738867,0.0108017700037,0.00557002317692,0.00322898273662,2.378408475943662,19.955694,6.569858,479.260009765625,245061,135.4808448497637,-55.60877006376202,2.6E-5,16889563,19.955699,6.569832,0.508,0.087,20120278,3,15,1.105,0.03,9.659,0.0,1,10.764,0.03,0,10.205,0.072,0,9.353,0.0,1,9.033,0.0,1,2.6470223536654328E-5
spec-56559-HD035343N575830V01_sp06-103.fits,4141.28535777,1.65982199373,-0.232719537234,0.0738478285174,22.6092179027,0.0580719742408,0.0352067403235,0.013835864367,0.47039368746635457,62.731047,57.095183,16.8700008392334,245319,147.54093232340188,4.084456381115733,3.0E-5,3909581,62.731042,57.095213,0.209,0.305,20122425,2,10,2.039,0.079,13.396,0.079,0,15.436,0.01,0,14.302,0.006,0,12.525,0.006,0,11.588,0.089,0,3.0122713581536705E-5
spec-56559-HD035343N575830V01_sp07-187.fits,4459.61904691,2.04895195535,-0.458055185374,0.0137203427306,21.4114262862,0.0557045702639,0.0317088599314,0.0111159175507,0.6118854022420525,60.9182822,56.6506689,30.110000610351562,245362,147.10601396032183,3.0892088307728156,7.4E-5,3905871,60.918254,56.650741,0.238,0.17,20122424,4,20,1.586,0.089,13.401,0.08,0,14.987,0.038,0,14.109,0.017,0,12.706,0.04,0,11.928,0.049,0,7.374784206676408E-5
spec-56559-HD035343N575830V01_sp08-049.fits,4693.66806295,2.01978102779,-0.282284356091,0.136946905712,32.1765157846,0.0908974016236,0.0452857626609,0.017621021398,0.4596185476750779,59.669433,57.826273,17.190000534057617,245377,145.82231434323214,3.532192700929642,2.2E-5,3917179,59.669473,57.826269,0.201,0.224,20122424,2,10,1.59,0.134,14.315,0.0,0,15.905,0.134,0,15.029,0.03,0,13.657,0.051,0,12.904,0.033,0,2.1671869778809953E-5
spec-56559-HD035343N575830V01_sp11-238.fits,4956.39705491,2.80834800979,0.078618995769,0.0379175487774,14.9277631228,0.0367607639246,0.0172985947989,0.00739374942448,0.5624190777963225,58.732709,59.791753,57.209999084472656,245474,144.17875929002292,4.720068871677948,5.0E-6,3955067,58.7327,59.791753,0.064,0.078,20122496,3,12,,,12.267,0.03,0,,,,13.097,0.013,0,11.64,0.052,0,10.977,0.053,0,4.528299083932488E-6
spec-56559-HD035343N575830V01_sp12-236.fits,4808.67786682,2.4404099767,-0.529317689449,0.164465750622,29.5229985273,0.0708168276365,0.0377463161028,0.015754202944,0.3214686333094761,59.867876,59.992449,35.63999938964844,245511,144.48398479907664,5.241665332517287,1.4E-5,3959860,59.867894,59.992438,0.075,0.04,20122496,3,12,,,12.967,0.024,0,,,,13.718,0.0,0,12.444,0.052,0,11.935,0.062,0,1.4213972306868829E-5
spec-56559-HD035343N575830V01_sp16-160.fits,4811.88207764,2.65695556986,0.0584704429483,0.0960810109098,14.3099604818,0.0347061133722,0.017327447065,0.00695270222811,0.6412788362001697,56.245096,59.498661,53.36000061035156,245603,143.3809686718174,3.7036916364657624,9.0E-6,3963966,56.245078,59.49866,0.134,0.046,20122496,3,12,,,12.6,0.014,0,,,,13.323,0.016,0,12.005,0.05,0,11.406,0.051,0,9.190618404691951E-6
spec-56559-HD035343N575830V01_sp16-249.fits,4627.02622988,2.07338774026,-0.383788972625,0.155310436254,32.077409112,0.0828530109489,0.0447887072191,0.0153409547711,0.40776255018266166,56.466724,59.960943,17.030000686645508,245610,143.1848336256291,4.137161263153724,1.3E-5,3964937,56.466704,59.960951,0.087,0.161,20152495,5,14,,,13.618,0.025,0,,,,14.539,0.0,0,12.9,0.057,0,12.071,0.121,0,1.281546750070055E-5
spec-56562-KP192102N424113V02_sp13-129.fits,4934.66542195,3.08259116138,-0.162268913954,0.300112752137,49.7909166041,0.106240519097,0.0518745372581,0.019267878405,0.2596311639983217,292.877692,43.367839,16.09000015258789,250243,75.98481640014373,11.569959316815897,,,,,,,,,,,,,,,,,,,,,,,,,,,
spec-56570-GAC069N36V1_sp14-065.fits,5249.82814765,2.91219415444,-0.212839360805,0.179548652557,67.1976863125,0.15479268363,0.0775775345443,0.0302701279753,0.2972417880409617,66.973424,36.930725,8.609999656677246,253808,163.80306382444655,-8.223864416966547,,,,,,,,,,,,,,,,,,,,,,,,,,,
spec-56576-GAC094N30B1_sp09-079.fits,4970.25976082,3.03212885672,-0.151332897221,0.101316387395,44.4163140609,0.096068465373,0.050174543228,0.0209094418361,0.5532851829040334,94.536902,31.560623,12.329999923706055,264462,181.16595364104165,7.405705548926411,,,,,,,,,,,,,,,,,,,,,,,,,,,
spec-56580-HD220818N240924V01_sp05-157.fits,4842.29080108,3.3369265344,-0.398012674844,0.0976921313428,30.6754875882,0.0478571185929,0.0345236193246,0.0140041017429,0.23060624950374686,331.740766,23.360662,50.84000015258789,266142,80.83653932435885,-25.76653585156628,6.2E-5,9802542,331.740814,23.360705,0.476,0.389,20121296,16,71,0.98,0.097,13.133,0.084,0,14.113,0.049,0,13.627,0.047,0,12.85,0.061,0,12.645,0.453,0,6.156906717460702E-5
spec-56582-GAC094N35V1_sp02-105.fits,4861.57706001,2.50665937229,-0.404235402206,0.160638197659,22.5996761876,0.0539890499931,0.0281990817592,0.0108580898043,0.4177742659988617,93.346441,32.928637,39.060001373291016,269830,179.4736210976784,7.146699272542742,3.6E-5,25633637,93.346448,32.928601,0.232,0.212,20151570,4,20,1.505,0.135,14.282,0.091,0,15.787,0.1,0,15.019,0.048,0,13.759,0.099,0,13.172,0.049,0,3.647630442983514E-5
spec-56582-VB012N41V1_sp07-208.fits,4578.24690336,2.67468078974,0.3069420412,0.102782424161,15.8297599778,0.0385082506096,0.0198313014838,0.0110758240999,0.4353726167794729,14.208278,39.289719,41.540000915527344,270998,124.07082285826225,-23.570097552076934,4.3E-5,2615569,14.208287,39.289677,0.105,0.108,20151768,5,25,1.124,0.055,12.648,0.041,0,13.772,0.037,0,13.195,0.043,0,12.286,0.031,0,11.945,0.045,0,4.257369374557384E-5
spec-56589-GAC078N51V1_sp02-017.fits,3879.69939523,0.956488265886,-0.722379664676,0.0574276272266,20.7990781449,0.0525007329527,0.0359072089202,0.012111768138,0.5404823552212918,76.919146,49.498619,15.619999885559082,276280,158.84969373709444,5.386902213526548,6.8E-5,1746233,76.919245,49.498597,0.319,0.207,20122182,5,23,1.907,0.054,13.012,0.034,0,14.919,0.042,0,13.917,0.035,0,12.286,0.035,0,11.413,0.041,0,6.795681046987147E-5
spec-56589-GAC078N51V1_sp02-130.fits,4857.0018147,2.50420417307,-0.25408081401,0.120552103949,30.3723098777,0.0750717290285,0.038254222498,0.0144985324851,0.34334669841573034,76.52809,49.823628,25.6299991607666,276283,158.4360192359478,5.377662167475748,6.8E-5,1694086,76.528013,49.823581,0.256,0.13,20122182,5,23,1.461,0.064,12.939,0.036,0,14.4,0.053,0,13.597,0.029,0,12.414,0.036,0,11.828,0.036,0,6.838644470033597E-5
spec-56589-GAC078N51V1_sp02-150.fits,4961.60017349,2.85211712661,-0.465444529654,0.0670551002143,64.0119497378,0.127378603331,0.075584146103,0.0234649667868,0.27294756142937854,76.466411,49.623908,15.710000038146973,276285,158.57267321892311,5.226126227103094,6.7E-5,1694012,76.466317,49.623881,0.623,0.297,20122182,5,23,1.324,0.081,13.46,0.042,0,14.784,0.069,0,14.074,0.016,0,12.993,0.032,0,12.445,0.033,0,6.661086709715435E-5
spec-56589-GAC078N51V3_sp15-207.fits,4697.65475652,2.60770219318,-0.343287372023,0.263384623875,18.9808559112,0.0428856714805,0.0235564123091,0.00925297994023,1.0266735135001412,77.691893,52.646751,47.29999923706055,276856,156.5764666453978,7.633166892820162,1.6E-5,1793878,77.691885,52.646736,0.085,0.111,20152268,4,20,1.683,0.085,12.871,0.056,0,14.555,0.064,0,13.678,0.039,0,12.228,0.065,0,11.576,0.071,0,1.5765772137779424E-5
spec-56590-GAC066N53V2_sp02-041.fits,4694.39874974,2.47723945983,-0.0490318689778,0.0522198060282,27.4658649664,0.0651505624785,0.0350017622719,0.011097911366,0.49857050122943725,63.34147,52.026607,19.889999389648438,278254,151.27062332524824,0.6301331822742021,1.69E-4,1877809,63.341353,52.02676,0.675,0.686,20122266,3,15,1.553,0.1,14.153,0.005,0,15.707,0.1,0,14.895,0.081,0,13.525,0.018,0,12.903,0.073,0,1.6909015494577013E-4
spec-56592-GAC102N35V2_sp08-243.fits,4533.12548283,2.45723005205,-0.0041741358121,0.153143330469,28.7212154064,0.0647766262031,0.0362161860517,0.013166784609,0.2821861737345258,103.48651,34.753656,21.90999984741211,284169,181.44289686316236,15.54144761604923,5.5E-5,6432788,103.486451,34.75363,0.345,0.235,20151573,4,20,1.314,0.121,14.045,0.045,0,15.359,0.113,0,14.644,0.109,0,13.598,0.035,0,13.152,0.046,0,5.500753246371935E-5
spec-56592-HD003103N554209V01_sp15-167.fits,4205.59635291,1.48903706088,0.224936534124,0.0580696847849,10.7822399526,0.0311667145466,0.0169950088708,0.00814558395369,0.7623361099611865,6.580692,56.936722,31.90999984741211,285731,119.49383634585324,-5.767275185673849,8.2E-5,3257199,6.580557,56.936685,0.339,0.358,20122413,14,64,1.927,0.112,14.377,0.057,0,16.304,0.097,0,15.315,0.078,0,13.679,0.039,0,12.955,0.031,0,8.242277880096896E-5
spec-56609-HD004201N404117V01_sp16-046.fits,4460.51431104,2.09833683851,-0.560830762003,0.236113768029,48.9777989811,0.123948193486,0.0696420769565,0.0332151513386,0.30847687305227656,8.712951,42.761969,15.010000228881836,299693,119.69323927325442,-20.005453763999338,2.0E-6,2687316,8.712954,42.761968,0.465,0.236,20151872,4,20,1.337,0.058,14.04,0.023,0,15.376,0.054,0,14.667,0.028,0,13.606,0.017,0,13.17,0.01,0,2.4189236625856914E-6
spec-56611-GAC061N46V1_sp03-206.fits,4708.42108238,2.39453127017,-0.00999311491071,0.0961696770192,29.7149664763,0.0748138879917,0.0380018511891,0.0136293517307,0.6503075684615385,60.143807,47.351059,18.6299991607666,302279,152.87489375662548,-4.223493970573787,9.3E-5,1575910,60.14384,47.350969,0.837,0.404,20122086,3,13,1.633,0.083,14.616,0.037,0,16.249,0.075,0,15.392,0.094,0,14.017,0.024,0,13.339,0.081,0,9.273545856540167E-5
spec-56611-GAC061N46V1_sp04-096.fits,5019.67051871,2.67509716622,-0.08753540737,0.050693498751,11.1398686833,0.0279246152142,0.0132116929808,0.00482389321349,0.9840818237982955,62.072144,46.547926,92.27999877929688,302316,154.3956474622786,-3.9465882291858723,2.71E-4,1445358,62.072305,46.547679,0.294,0.362,20122086,2,10,1.678,0.011,13.111,0.008,0,14.789,0.008,0,13.897,0.018,0,12.494,0.01,0,11.763,0.04,0,2.7068358697412075E-4
spec-56611-GAC061N46V1_sp09-230.fits,4290.56339999,1.79248136594,-0.3730748734,0.0289576041583,20.7299086079,0.0503406519589,0.0309011271767,0.00925307882036,0.7853804271165106,63.26972,47.003861,17.6299991607666,302492,154.68610712544336,-3.054138129956542,2.88E-4,1450014,63.270128,47.003934,0.869,0.19,20122086,2,10,2.053,0.04,14.168,0.038,0,16.221,0.011,0,15.13,0.026,0,13.368,0.006,0,12.498,0.0,0,2.8765210451722805E-4
spec-56611-GAC061N46V1_sp10-247.fits,4753.74965806,2.37371935159,-0.046425926538,0.117973663589,34.8052064972,0.0894187813748,0.0450289240641,0.0164084771029,0.3443858307746479,59.141106,46.630337,17.260000228881836,302529,152.8244696995079,-5.215805237984476,1.1E-5,1574607,59.141118,46.63033,0.39,0.297,20122085,2,8,1.568,0.059,14.144,0.0,1,15.712,0.059,1,14.991,0.039,0,13.614,0.026,0,13.03,0.081,0,1.0812249351910225E-5
spec-56611-GAC108N21V3_sp13-154.fits,4840.9816201,2.53844907757,-0.332820068391,0.172422556688,10.5475402483,0.0261895740706,0.0131900186761,0.00846794229246,0.6927932551217465,110.48411,22.901489,101.91000366210938,305693,195.27638287184956,16.631961832610692,9.0E-5,5982781,110.484117,22.901399,0.56,0.479,20151097,7,35,1.052,0.083,12.469,0.062,0,13.521,0.056,0,12.934,0.039,0,12.134,0.069,0,11.772,0.048,0,9.023070242383632E-5
spec-56616-GAC083N57V2_sp09-120.fits,4457.5131535,2.52258377757,0.281808055345,0.0477798083831,15.3981012447,0.0373085647674,0.0205847151661,0.00949113844114,0.492794134376221,84.11412,58.192448,28.65999984741211,308555,153.84359008189315,13.695361858973708,4.0E-5,1822797,84.114084,58.192413,0.493,0.549,20152429,7,35,1.628,0.141,14.024,0.076,0,15.652,0.118,0,14.847,0.092,0,13.428,0.112,0,12.77,0.088,0,3.9812432432145835E-5
spec-56616-GAC083N57V3_sp16-061.fits,4023.89535743,1.49996646368,-0.223550505146,0.0502533334619,18.1156496137,0.0477479344378,0.0290026376924,0.0124227098495,0.5094055971977862,81.317762,58.98682,19.899999618530273,308746,152.37512489926465,12.851768247010849,5.1E-5,1940245,81.317841,58.986851,0.48,0.367,20152428,5,40,1.846,0.07,12.627,0.059,0,14.473,0.037,0,13.518,0.047,0,11.938,0.067,0,11.19,0.041,0,5.1164247783357966E-5
spec-56618-VB057N34V2_sp04-014.fits,4710.35808132,2.88610673707,0.0407050909671,0.376106534765,8.06243951187,0.0192048591022,0.00932606448239,0.00301241004817,4.722848584140603,57.109401,35.02317,100.66999816894531,317058,159.2201265252401,-15.092002825522268,8.5E-5,1340515,57.109346,35.023098,0.317,0.427,20121671,4,19,1.462,0.053,13.599,0.042,0,15.061,0.032,0,14.301,0.026,0,13.082,0.064,0,12.61,0.057,0,8.492736643571854E-5
spec-56618-VB057N34V2_sp07-208.fits,4038.53650336,1.38147240676,-0.313308705606,0.0775164862157,17.3980086866,0.0469706293703,0.0283312682967,0.0132384827937,0.5539176762883695,59.218706,32.993679,24.200000762939453,317232,161.9681963832014,-15.477131025372929,2.7E-5,1328368,59.218691,32.993703,0.201,0.244,20121560,16,73,1.72,0.18,13.381,0.074,0,15.101,0.164,0,14.19,0.106,0,12.751,0.072,0,12.236,0.363,0,2.7097610684202478E-5
spec-56618-VB057N34V2_sp08-017.fits,4830.31142215,3.22882704368,-0.558094927847,0.0606231031796,92.5162069964,0.14486074415,0.103709067534,0.0321334549528,0.13880239879251607,58.440147,34.07481,15.300000190734863,317244,160.72127324115598,-15.09862805147271,7.3E-5,1331625,58.440063,34.074832,0.603,0.603,20121559,13,49,1.348,0.305,14.677,0.098,0,16.025,0.289,0,15.432,0.349,0,14.178,0.068,0,13.716,0.046,0,7.297303796279634E-5
spec-56640-GAC064N42V1_sp09-069.fits,4967.90711421,2.921859341,-0.125765117749,0.0269594912803,45.3007967118,0.101614190149,0.0525209770581,0.0181742137165,0.19571926097292722,65.688838,43.066619,16.610000610351562,339682,158.67001833144695,-4.673126116726186,7.7E-5,1403815,65.688843,43.066696,0.413,0.537,20121990,2,8,1.436,0.0,14.653,0.0,1,16.089,0.0,1,15.371,0.014,0,14.114,0.034,0,13.522,0.053,0,7.708659377208655E-5
spec-56640-GAC064N42V1_sp10-184.fits,4770.09978471,2.66872883753,-0.258619865135,0.073440087477,18.7091471114,0.0436728033642,0.0234119042426,0.0105622339657,0.5121882526472253,61.645747,41.231937,45.439998626708984,339732,157.77960643236784,-8.073738675502094,8.7E-5,1392708,61.645855,41.231968,0.203,0.45,20121887,3,15,1.82,0.287,12.775,0.077,0,14.595,0.276,0,13.75,0.321,0,12.172,0.046,0,11.518,0.092,0,8.693601782684168E-5
spec-56640-GAC064N42V2_sp08-250.fits,4975.27391647,3.32421704283,-0.659852968484,0.0244104542353,87.5509166291,0.135316123994,0.0980979941237,0.0245800814897,0.26727712972747436,65.67235,41.715446,15.890000343322754,340185,159.62736173591233,-5.630582239062173,,,,,,,,,,,,,,,,,,,,,,,,,,,
spec-56640-GAC064N42V2_sp15-204.fits,4967.94607145,2.8980461369,-0.167662521395,0.0368497639655,28.4087121328,0.0616416242326,0.0331084782519,0.0111771291629,0.3326922552835486,64.035951,43.584659,30.469999313354492,340434,157.44684917350344,-5.151592760043003,1.37E-4,1431788,64.035945,43.584522,0.566,0.462,20151989,4,8,,,,,,,,,15.117,0.056,0,13.863,0.058,0,13.176,0.04,0,1.3706892049778518E-4
spec-56640-VB021N40V2_sp09-215.fits,4355.33889424,2.00709016785,-0.0904393673207,0.135607791608,8.34503712319,0.0224067713623,0.0123990986499,0.00752699398638,0.931174219092423,22.662834,40.812172,71.91000366210938,342441,130.8906944205927,-21.45279892083968,5.1E-5,2174857,22.662802,40.812127,0.073,0.101,20121876,2,10,1.202,0.016,12.753,0.0,0,13.955,0.016,0,13.278,0.01,0,12.317,0.021,0,11.858,0.06,0,5.1103617237190926E-5
spec-56641-GAC084N47V1_sp16-227.fits,5087.46106926,3.11846341776,-0.350764681453,0.1130028602,16.732944039,0.0318433179128,0.0189250697596,0.00941918714479,0.7034126679728967,82.351058,49.722141,94.12000274658203,342989,160.67390964325676,8.412528633650233,8.9E-5,1286559,82.350949,49.722086,0.328,0.21,20152183,4,20,1.315,0.062,12.532,0.048,0,13.846,0.039,0,13.174,0.047,0,12.07,0.043,0,11.568,0.058,0,8.939093059226295E-5
spec-56647-GAC085N22V2_sp14-041.fits,3982.93846193,0.708438357689,-0.841825987415,0.084714365741,21.8417113398,0.0569281063323,0.040151758897,0.0134127548829,0.6251943177316384,82.951029,22.846003,15.59000015258789,354433,183.51196593063673,-5.868435730558419,2.51E-4,25174782,82.950859,22.846199,0.015,0.27,20151087,2,2,,,,,,,,,,,,,,,13.069,0.012,0,2.5091733360594595E-4
spec-56654-HD120800N003716V01_sp01-113.fits,4783.07599346,2.28378459615,-0.835548516706,0.28169104943,53.8694069088,0.126559009602,0.0705317066934,0.0257193918111,0.4766470946104619,182.185096,-1.364391,18.670000076293945,363941,281.39296609288385,59.70983355993844,2.8E-5,26861733,182.185124,-1.364395,0.341,0.244,20160204,6,31,0.891,0.041,14.118,0.027,0,15.008,0.032,0,14.511,0.038,0,13.891,0.032,0,13.661,0.086,0,2.8276412514535282E-5
spec-56656-VB137N18V1_sp06-227.fits,4898.77143536,2.70842672739,-1.18911125783,0.285380434064,146.791472702,0.24439179675,0.182066609579,0.0473886946639,0.14298733858984486,139.60621,17.354033,11.15999984741211,364762,212.5518178220071,40.108121903889234,3.8E-5,5276032,139.606216,17.353995,0.24,0.096,20150851,3,15,0.914,0.103,13.764,0.011,0,14.678,0.102,0,14.157,0.077,0,13.509,0.024,0,13.176,0.065,0,3.84291186028433E-5
spec-56658-HD122946N143900B01_sp12-078.fits,4734.05834179,2.63460345864,-0.990495358017,0.0257263830393,129.181427122,0.26099162318,0.164123799033,0.0436044941408,0.16632107736761798,188.555961,16.064922,10.5600004196167,368604,282.21465071417526,78.23844227697911,1.59E-4,27591723,188.556118,16.064873,0.714,1.03,20150738,4,17,0.814,0.057,16.192,0.016,0,17.006,0.055,0,16.567,0.026,0,15.944,0.056,0,15.501,0.019,0,1.5862675367007094E-4
spec-56667-GAC094N35V4_sp02-007.fits,4468.37931044,1.87028429816,-0.409331402019,0.110097473724,12.8937446987,0.0345883588639,0.0194216165613,0.00817821306122,0.673884415246509,93.61494,33.262314,51.209999084472656,378364,179.28123610200205,7.500996869866067,5.3E-5,25634295,93.614981,33.262273,0.144,0.168,20151570,4,20,1.624,0.057,12.94,0.047,0,14.564,0.032,0,13.714,0.069,0,12.338,0.07,0,11.684,0.036,0,5.3444530103978744E-5
spec-56667-GAC094N35V4_sp08-007.fits,4831.09185803,2.58434096592,-0.234535692348,0.0801790697255,23.139436454,0.0568121131789,0.0286559640978,0.0117030571071,0.2720785465081369,95.369312,34.596079,39.349998474121094,378722,178.75123852881984,9.404354971486775,4.2E-5,25641772,95.369264,34.596094,0.215,0.321,20151570,5,20,1.347,0.089,14.421,0.061,0,15.768,0.065,0,15.029,0.055,0,13.928,0.066,0,13.444,0.069,0,4.2263818238775094E-5
spec-56670-GAC084N44V1_sp13-218.fits,4758.41003537,2.50605941162,-0.273527919285,0.0930924432846,45.2685657947,0.112908989477,0.0581195870738,0.0268547736454,0.15405868286778712,86.737229,44.466673,17.360000610351562,383206,166.77727555716683,8.223883000396304,4.8E-5,1031338,86.737162,44.466669,0.7,0.452,20121996,11,50,1.351,0.212,14.193,0.083,0,15.544,0.195,0,14.775,0.137,0,13.735,0.082,0,13.252,0.059,0,4.798210869870532E-5
spec-56670-GAC084N44V2_sp11-002.fits,4893.34136078,2.72813386463,-0.181623096186,0.102524428171,40.8552605004,0.0964702040245,0.0489647179937,0.0216924011705,0.264240789015299,83.59775,46.007484,21.520000457763672,383770,164.2924050607847,7.130495634124549,,,,,,,,,,,,,,,,,,,,,,,,,,,
spec-56670-HD030004N551117V01_sp15-122.fits,4878.18819018,2.52550594428,-0.322647338596,0.091282742748,11.9744959481,0.0306245989962,0.0151356133518,0.00729918688792,0.6656563181893593,45.255958,56.011756,88.62999725341797,385563,140.37601630130547,-2.407671562426207,1.22E-4,3799512,45.256042,56.011643,0.272,0.387,20122421,3,14,1.445,0.047,12.225,0.042,0,13.67,0.022,0,12.807,0.07,0,11.616,0.038,0,10.937,0.061,0,1.223685096955194E-4
spec-56699-GAC085N52V3_sp02-163.fits,4344.70614899,1.95134019296,-0.0641305421306,0.102537908486,23.0672944807,0.059071370518,0.0333394826536,0.0141513963091,0.5135809318139937,82.060753,51.320114,16.799999237060547,413947,159.21092500662118,9.117496197163101,1.7E-5,1752096,82.060728,51.320107,0.339,0.317,20122270,7,37,1.641,0.106,13.769,0.06,0,15.409,0.087,0,14.557,0.046,0,13.197,0.019,0,12.592,0.028,0,1.7120635667621194E-5
spec-56700-GAC071N55V1_sp05-033.fits,4625.26549293,1.91144979048,0.245713693743,0.0705453520694,16.3833774102,0.0485548170427,0.0235680765241,0.00950390437638,1.4181679077928333,71.014003,54.534357,19.399999618530273,414917,152.62190743003717,5.6771186516620356,1.56E-4,1865465,71.014152,54.534487,0.375,0.56,20152349,8,38,1.934,0.092,13.628,0.041,0,15.562,0.082,0,14.54,0.031,0,12.908,0.04,0,12.115,0.054,0,1.56121497944289E-4
spec-56700-GAC071N55V1_sp10-247.fits,4704.53770314,2.48481328635,-0.111673951931,0.0422743448744,26.8873293959,0.0647260481511,0.0343718705168,0.0111098896877,0.5990075810941987,68.765943,55.420726,19.920000076293945,415037,151.0969578961306,5.295583189819757,8.5E-5,1897918,68.766092,55.420719,0.133,0.116,20152348,5,23,1.691,0.058,13.25,0.051,0,14.941,0.027,0,14.097,0.005,0,12.653,0.037,0,11.951,0.048,0,8.485357948219157E-5
spec-56700-GAC071N55V2_sp02-076.fits,4204.08671817,1.43799610079,-0.643519742394,0.189131276225,23.5433196515,0.0575326331332,0.0375942721915,0.0138387285023,0.7603473528092068,68.577676,53.880627,17.520000457763672,415142,152.16493525133316,4.177101189604992,1.2E-5,1864254,68.577659,53.880621,0.184,0.181,20152266,5,25,2.096,0.083,13.419,0.064,0,15.514,0.052,0,14.455,0.05,0,12.618,0.043,0,11.701,0.074,0,1.167990122104339E-5
spec-56718-GAC108N21B2_sp02-150.fits,3770.07864184,0.186925375919,-1.24479650559,0.0367780319896,29.8901288739,0.078534545096,0.0606981784158,0.0173049302266,0.4622810386798781,107.40575,20.254784,9.079999923706055,419295,196.59091019611583,12.946515081114846,,,,,,,,,,,,,,,,,,,,,,,,,,,
spec-56719-GAC102N35B2_sp02-163.fits,4717.66282338,2.28229906236,-0.441339118219,0.236927559369,75.994373127,0.192909778044,0.0968262383723,0.0364768168462,0.24002334809930784,100.13482,33.868752,8.029999732971191,419751,181.1446328891455,12.649617739191852,2.58E-4,6420372,100.135121,33.868689,0.549,0.468,20151572,7,31,1.231,0.081,14.393,0.049,0,15.624,0.065,0,14.96,0.029,0,13.968,0.037,0,13.557,0.052,0,2.5774340262222056E-4
spec-56780-HD115813N032855V01_sp08-024.fits,4633.31844623,2.33134707429,-0.928598410953,0.26250602373,15.3844404961,0.0315356044863,0.0206326797117,0.00777310183284,0.8895689626965979,180.135864,2.743947,97.79000091552734,444669,274.2223241509887,62.743746952133634,5.7E-5,27504011,180.135817,2.743914,0.232,0.229,20120203,6,26,1.031,0.047,13.085,0.015,0,14.117,0.044,0,13.546,0.028,0,12.807,0.04,0,12.449,0.057,0,5.738412239608465E-5
spec-56798-HD163334N102208V01_sp08-054.fits,4663.08922539,2.45528392395,-0.580951976965,0.0300522209381,24.5749941925,0.0587474229285,0.0329223353345,0.0117432005358,0.6104888915988859,249.791716,10.095938,39.099998474121094,447382,26.779633872536024,33.91883440970787,5.0E-5,34218321,249.791693,10.095983,0.18,0.221,20150497,4,16,1.04,0.073,13.868,0.054,0,14.907,0.049,0,14.327,0.033,0,13.527,0.006,0,13.187,0.196,0,5.0376028831987545E-5
